report_id,employee,destination,purpose,trip_start,trip_end,days_claimed,total_cost
TR-2001,S. Patel,"Phoenix, AZ",Customer visit,2026-02-28,2026-03-02,3,1158.78
TR-2002,J. Alvarez,"Chicago, IL",Trade show,2026-04-24,2026-04-27,4,1569.82
TR-2003,M. Chen,"Dallas, TX",Installation support,2026-05-29,2026-05-30,2,1160.97
TR-2004,R. Osei,"Nashville, TN",Supplier audit,2026-05-11,2026-05-16,6,2198.36
TR-2005,K. Brooks,"Chicago, IL",Customer visit,2026-06-07,2026-06-10,4,1604.76
TR-2006,R. Osei,"Columbus, OH",Supplier audit,2026-06-03,2026-06-08,6,2186.28
TR-2007,M. Chen,"Minneapolis, MN",Supplier audit,2026-05-28,2026-06-01,5,1869.82
TR-2008,T. Nguyen,"Columbus, OH",Sales training,2026-02-14,2026-02-14,1,646.62
TR-2009,S. Patel,"Atlanta, GA",Trade show,2026-03-28,2026-03-30,3,1104.09
TR-2010,K. Brooks,"Nashville, TN",Trade show,2026-03-20,2026-03-22,3,1056.73
TR-2011,K. Brooks,"Minneapolis, MN",Sales training,2026-02-24,2026-03-01,6,2441.63
TR-2012,T. Nguyen,"Kansas City, MO",Supplier audit,2026-01-29,2026-01-31,3,1245.95
TR-2013,T. Nguyen,"Charlotte, NC",Supplier audit,2026-06-21,2026-06-21,1,665.77
TR-2014,M. Chen,"Dallas, TX",Installation support,2026-05-21,2026-05-26,6,2155.8
TR-2015,K. Brooks,"Minneapolis, MN",Supplier audit,2026-06-17,2026-06-22,6,2124.29
TR-2016,S. Patel,"Nashville, TN",Sales training,2026-04-01,2026-04-01,1,776.66
TR-2017,S. Patel,"Chicago, IL",Installation support,2026-05-02,2026-05-04,3,1130.63
TR-2018,T. Nguyen,"Kansas City, MO",Trade show,2026-05-26,2026-05-28,7,2461.85
TR-2019,T. Nguyen,"Columbus, OH",Supplier audit,2026-01-27,2026-01-27,9,742.1
TR-2020,J. Alvarez,"Charlotte, NC",Sales training,2026-04-14,2026-04-16,3,1189.86
TR-2021,M. Chen,"Kansas City, MO",Supplier audit,2026-02-13,2026-02-20,8,2369.2
TR-2022,K. Brooks,"Denver, CO",Trade show,2026-03-04,2026-03-08,5,1743.45
TR-2023,J. Alvarez,"Atlanta, GA",Customer visit,2026-04-17,2026-04-20,4,1488.53
TR-2024,J. Alvarez,"Dallas, TX",Trade show,2026-04-23,2026-04-23,1,781.67
TR-2025,S. Patel,"Atlanta, GA",Trade show,2026-03-30,2026-03-31,2,1175.58
TR-2026,M. Chen,"Atlanta, GA",Sales training,2026-03-26,2026-03-31,6,2027.02
TR-2027,T. Nguyen,"Atlanta, GA",Sales training,2026-04-21,2026-04-24,4,1653.84
TR-2028,R. Osei,"Dallas, TX",Supplier audit,2026-04-04,2026-04-08,5,1759.79
TR-2029,T. Nguyen,"Charlotte, NC",Trade show,2026-04-27,2026-04-29,3,1428.3
TR-2030,S. Patel,"Phoenix, AZ",Customer visit,2026-04-07,2026-04-09,3,1337.54
TR-2031,J. Alvarez,"Dallas, TX",Installation support,2026-06-15,2026-06-15,1,603.88
TR-2032,K. Brooks,"Dallas, TX",Trade show,2026-04-28,2026-05-01,4,1554.25
TR-2033,T. Nguyen,"Nashville, TN",Supplier audit,2026-02-06,2026-02-07,2,804.67
TR-2034,R. Osei,"Kansas City, MO",Trade show,2026-05-04,2026-05-09,6,2401.34
TR-2035,M. Chen,"Monterrey, MX",Supplier audit,2026-02-02,2026-02-07,6,4185.6
TR-2036,T. Nguyen,"Atlanta, GA",Trade show,2026-03-30,2026-04-04,6,2418.87
TR-2037,K. Brooks,"Chicago, IL",Sales training,2026-05-30,2026-06-01,3,1501.29
TR-2038,T. Nguyen,"Nashville, TN",Supplier audit,2026-04-11,2026-04-13,3,1178.38
TR-2039,K. Brooks,"Chicago, IL",Trade show,2026-03-09,2026-03-12,4,1631.4
TR-2040,T. Nguyen,"Charlotte, NC",Supplier audit,2026-04-03,2026-04-05,3,1333.47
TR-2041,M. Chen,"Kansas City, MO",Supplier audit,2026-04-28,2026-04-30,3,1230.1
TR-2042,J. Alvarez,"Phoenix, AZ",Customer visit,2026-01-07,2026-01-08,2,970.83
TR-2043,T. Nguyen,"Chicago, IL",Customer visit,2026-02-15,2026-02-17,3,1526.48
TR-2044,R. Osei,"Dallas, TX",Trade show,2026-01-13,2026-01-19,7,2260.91
TR-2045,S. Patel,"Chicago, IL",Supplier audit,2026-02-17,2026-02-21,5,1868.51
TR-2046,K. Brooks,"Dallas, TX",Supplier audit,2026-02-18,2026-02-18,1,598.39
TR-2047,K. Brooks,"Charlotte, NC",Sales training,2026-06-11,2026-06-12,2,728.8
TR-2048,M. Chen,"Charlotte, NC",Trade show,2026-03-15,2026-03-21,7,2356.27
TR-2049,R. Osei,"Columbus, OH",Sales training,2026-02-22,2026-03-01,8,2846.03
TR-2050,S. Patel,"Dallas, TX",Trade show,2026-01-17,2026-01-21,5,1549.0
TR-2051,K. Brooks,"Minneapolis, MN",Trade show,2026-01-20,2026-01-22,3,1183.88
TR-2052,T. Nguyen,"Atlanta, GA",Trade show,2026-01-17,2026-01-20,4,1780.47
TR-2053,J. Alvarez,"Nashville, TN",Sales training,2026-05-15,2026-05-16,2,1031.25
TR-2054,J. Alvarez,"Dallas, TX",Customer visit,2026-02-04,2026-02-08,5,1809.5
TR-2055,S. Patel,"Phoenix, AZ",Supplier audit,2026-02-05,2026-02-07,3,1395.75
TR-2056,T. Nguyen,"Nashville, TN",Supplier audit,2026-05-12,2026-05-17,6,2201.66
TR-2057,K. Brooks,"Atlanta, GA",Sales training,2026-01-27,2026-01-28,2,1211.2
TR-2058,M. Chen,"Charlotte, NC",Trade show,2026-06-12,2026-06-15,4,1336.94
TR-2059,M. Chen,"Phoenix, AZ",Sales training,2026-06-11,2026-06-14,4,1724.16
TR-2060,M. Chen,"Nashville, TN",Customer visit,2026-04-21,2026-04-22,2,2968.75
TR-2061,R. Osei,"Kansas City, MO",Trade show,2026-01-16,2026-01-18,3,1112.16
TR-2062,S. Patel,"Dallas, TX",Installation support,2026-05-31,2026-05-31,1,496.96
TR-2063,R. Osei,"Charlotte, NC",Trade show,2026-06-11,2026-06-11,1,815.03
TR-2064,R. Osei,"Charlotte, NC",Supplier audit,2026-06-01,2026-06-06,6,1867.69
TR-2065,T. Nguyen,"Denver, CO",Customer visit,2026-01-06,2026-01-11,6,2160.45
TR-2066,R. Osei,"Nashville, TN",Installation support,2026-01-16,2026-01-20,5,1709.87
TR-2067,R. Osei,"Minneapolis, MN",Trade show,2026-02-21,2026-02-25,5,2161.0
TR-2068,M. Chen,"Charlotte, NC",Trade show,2026-03-09,2026-03-14,6,2260.69
TR-2069,R. Osei,"Dallas, TX",Customer visit,2026-06-17,2026-06-24,8,2774.95
TR-2070,J. Alvarez,"Minneapolis, MN",Installation support,2026-02-28,2026-03-01,2,1197.02
TR-2071,S. Patel,"Charlotte, NC",Customer visit,2026-01-10,2026-01-11,2,1005.87
TR-2072,M. Chen,"Charlotte, NC",Trade show,2026-03-13,2026-03-16,4,1516.62
TR-2073,M. Chen,"Columbus, OH",Customer visit,2026-02-03,2026-02-09,7,2095.8
TR-2074,T. Nguyen,"Chicago, IL",Customer visit,2026-05-31,2026-06-02,3,1103.99
TR-2075,R. Osei,"Charlotte, NC",Supplier audit,2026-06-14,2026-06-16,3,1135.71
TR-2076,K. Brooks,"Chicago, IL",Trade show,2026-03-09,2026-03-12,4,1631.4
TR-2077,J. Alvarez,"Denver, CO",Customer visit,2026-01-09,2026-01-10,2,806.91
TR-2078,K. Brooks,"Chicago, IL",Trade show,2026-01-18,2026-01-19,2,910.3
TR-2079,R. Osei,"Columbus, OH",Trade show,2026-01-10,2026-01-13,4,1709.66
TR-2080,M. Chen,"Chicago, IL",Customer visit,2026-04-13,2026-04-18,6,2069.43
TR-2081,J. Alvarez,"Denver, CO",Sales training,2026-05-11,2026-05-15,5,3712.3
TR-2082,M. Chen,"Nashville, TN",Installation support,2026-05-26,2026-05-28,3,1358.19
TR-2083,T. Nguyen,"Columbus, OH",Trade show,2026-03-21,2026-03-21,1,601.85
TR-2084,R. Osei,"Phoenix, AZ",Customer visit,2026-06-03,2026-06-03,1,2500.0
TR-2085,J. Alvarez,"Minneapolis, MN",Installation support,2026-04-06,2026-04-23,18,5731.2
TR-2086,R. Osei,"Dallas, TX",Trade show,2026-04-04,2026-04-09,6,2056.88
TR-2087,R. Osei,"Charlotte, NC",Supplier audit,2026-04-02,2026-04-03,2,887.72
TR-2088,K. Brooks,"Columbus, OH",Sales training,2026-06-05,2026-06-07,3,1502.04
TR-2089,J. Alvarez,"Chicago, IL",Sales training,2026-03-19,2026-03-20,2,775.94
TR-2090,S. Patel,"Charlotte, NC",Supplier audit,2026-03-24,2026-03-26,3,1360.36
TR-2091,R. Osei,"Dallas, TX",Sales training,2026-01-26,2026-02-01,7,2380.18
TR-2092,S. Patel,"Kansas City, MO",Sales training,2026-04-02,2026-04-08,7,2326.34
TR-2093,J. Alvarez,"Minneapolis, MN",Customer visit,2026-02-26,2026-02-28,3,1108.05
TR-2094,T. Nguyen,"Denver, CO",Installation support,2026-03-07,2026-03-09,3,1270.27
TR-2095,J. Alvarez,"Dallas, TX",Sales training,2026-05-02,2026-05-05,4,1844.4
TR-2096,T. Nguyen,"Minneapolis, MN",Supplier audit,2026-06-02,2026-06-05,4,1721.16
TR-2097,S. Patel,"Charlotte, NC",Supplier audit,2026-01-07,2026-01-09,3,1488.0
TR-2098,S. Patel,"Dallas, TX",Installation support,2026-06-07,2026-06-09,3,1297.75
TR-2099,J. Alvarez,"Denver, CO",Customer visit,2026-04-07,2026-04-14,8,2506.91
TR-2100,R. Osei,"Kansas City, MO",Supplier audit,2026-06-11,2026-06-14,4,1576.65
TR-2101,T. Nguyen,"Kansas City, MO",Sales training,2026-05-22,2026-05-27,6,1973.99
TR-2102,T. Nguyen,"Dallas, TX",Sales training,2026-02-08,2026-02-10,3,1184.14
TR-2103,M. Chen,"Nashville, TN",Trade show,2026-05-04,2026-05-04,1,556.87
TR-2104,M. Chen,"Chicago, IL",Supplier audit,2026-03-19,2026-03-19,1,646.66
TR-2105,R. Osei,"Chicago, IL",Supplier audit,2026-04-01,2026-04-03,3,1375.29
TR-2106,T. Nguyen,"Nashville, TN",Supplier audit,2026-05-22,2026-05-26,5,1916.2
TR-2107,K. Brooks,"Charlotte, NC",Customer visit,2026-02-04,2026-02-09,6,2193.78
TR-2108,T. Nguyen,"Nashville, TN",Trade show,2026-04-28,2026-05-02,5,1849.99
TR-2109,T. Nguyen,"Charlotte, NC",Supplier audit,2026-02-02,2026-02-04,3,1527.8
TR-2110,K. Brooks,"Dallas, TX",Customer visit,2026-01-25,2026-01-28,4,1708.49
TR-2111,J. Alvarez,"Minneapolis, MN",Installation support,2026-03-19,2026-03-21,3,1237.62
TR-2112,T. Nguyen,"Atlanta, GA",Trade show,2026-04-02,2026-04-04,3,1329.92
TR-2113,K. Brooks,"Columbus, OH",Sales training,2026-06-09,2026-06-13,5,1549.0
TR-2114,S. Patel,"Dallas, TX",Installation support,2026-03-20,2026-03-22,3,1290.55
TR-2115,J. Alvarez,"Chicago, IL",Trade show,2026-04-04,2026-04-08,5,1747.01
TR-2116,M. Chen,"Dallas, TX",Customer visit,2026-03-08,2026-03-12,5,1614.12
TR-2117,R. Osei,"Atlanta, GA",Supplier audit,2026-06-12,2026-06-13,2,857.68
TR-2118,T. Nguyen,"Chicago, IL",Trade show,2026-02-07,2026-02-12,6,2477.6
TR-2119,S. Patel,"Nashville, TN",Customer visit,2026-06-09,2026-06-09,1,894.6
TR-2120,S. Patel,"Atlanta, GA",Customer visit,2026-03-30,2026-03-31,2,-1186.4
TR-2121,J. Alvarez,"Denver, CO",Trade show,2026-04-08,2026-04-15,8,3110.8
TR-2122,R. Osei,"Chicago, IL",Trade show,2026-05-07,2026-05-09,3,1346.37
TR-2123,K. Brooks,"Denver, CO",Sales training,2026-04-03,2026-04-07,5,1553.58
TR-2124,S. Patel,"Phoenix, AZ",Trade show,2026-03-12,2026-03-16,5,1816.38
TR-2125,K. Brooks,"Chicago, IL",Customer visit,2026-01-15,2026-01-17,3,1242.66
TR-2126,K. Brooks,"Atlanta, GA",Sales training,2026-02-15,2026-02-17,3,1229.26
TR-2127,M. Chen,"Nashville, TN",Trade show,2026-05-12,2026-05-14,3,1174.98
TR-2128,R. Osei,"Dallas, TX",Customer visit,2026-02-17,2026-02-19,3,13482.5
TR-2129,S. Patel,"Denver, CO",Installation support,2026-04-12,2026-04-15,4,1460.3
